City_ID,City,Country,Lat,Lng,Max Temp,Humidity,Cloudiness,Wind Speed,Current Description
0,Busselton,AU,-33.65,115.3333,48.0,84,0,14.65,clear sky
1,Nara,JP,34.6851,135.8049,48.0,81,20,8.05,few clouds
2,Hermanus,ZA,-34.4187,19.2345,57.0,92,6,3.11,clear sky
3,Ushuaia,AR,-54.8,-68.3,44.6,70,40,25.32,scattered clouds
4,Calvinia,ZA,-31.4707,19.776,70.63,24,23,2.8,few clouds
5,Atuona,PF,-9.8,-139.0333,80.96,73,14,16.31,few clouds
6,Rumphi,MW,-11.0186,33.8575,60.44,96,53,2.8,broken clouds
7,Broome,US,42.2506,-75.833,70.0,35,1,8.05,clear sky
8,Bud,US,39.447,-86.1758,64.4,82,40,13.8,scattered clouds
9,Viedma,AR,-40.8135,-62.9967,71.6,41,3,12.64,clear sky
10,Carrigaline,IE,51.8117,-8.3986,45.0,76,75,9.22,broken clouds
11,Pevek,RU,69.7008,170.3133,-16.71,93,64,1.81,broken clouds
12,Port Macquarie,AU,-31.4333,152.9167,59.0,99,31,1.99,scattered clouds
13,Butaritari,KI,3.0707,172.7902,82.15,79,46,16.28,scattered clouds
14,Saint George,US,37.1041,-113.5841,82.0,11,1,20.71,clear sky
15,Napier,NZ,-39.4833,176.9167,64.0,90,96,1.01,overcast clouds
16,Albany,US,42.6001,-73.9662,72.0,35,40,3.44,scattered clouds
17,Ponta Do Sol,PT,32.6667,-17.1,62.01,77,97,3.0,overcast clouds
18,Port Elizabeth,ZA,-33.918,25.5701,60.8,100,90,6.91,overcast clouds
19,Urrao,CO,6.3152,-76.1342,64.67,89,99,2.48,overcast clouds
20,Tasiilaq,GL,65.6145,-37.6368,19.4,73,13,6.91,few clouds
21,Pangoa,PE,-12.1167,-73.0,80.02,76,99,2.44,overcast clouds
22,Rikitea,PF,-23.1203,-134.9692,76.5,64,17,2.66,few clouds
23,Makakilo City,US,21.3469,-158.0858,77.0,50,20,11.5,few clouds
24,Paragominas,BR,-2.9667,-47.4833,77.63,81,97,3.96,light rain
25,Hobart,AU,-42.8794,147.3294,51.8,58,40,13.8,scattered clouds
26,Ajdabiya,LY,30.7554,20.2263,64.08,54,96,15.66,overcast clouds
27,Port Alfred,ZA,-33.5906,26.891,66.49,86,73,4.88,broken clouds
28,Bengkulu,ID,-3.8004,102.2655,75.56,88,78,5.88,broken clouds
29,Klaksvik,FO,62.2266,-6.589,28.4,69,40,26.46,light snow
30,Vao,NC,-22.6667,167.4833,77.76,80,81,21.23,broken clouds
31,Kapaa,US,22.0752,-159.319,75.2,60,40,16.11,light rain
32,Deputatskiy,RU,69.3,139.9,-17.07,99,80,1.83,broken clouds
33,Tuktoyaktuk,CA,69.4541,-133.0374,-13.0,70,20,3.44,few clouds
34,Namibe,AO,-15.1961,12.1522,80.35,65,94,9.33,overcast clouds
35,Vostok,RU,46.4856,135.8833,23.34,92,100,3.91,light snow
36,Thompson,CA,55.7435,-97.8558,53.6,30,20,12.66,few clouds
37,Dunedin,NZ,-45.8742,170.5036,51.01,96,0,4.0,clear sky
38,Barcelos,PT,41.5388,-8.6151,57.99,88,0,3.15,clear sky
39,Norden,DE,53.6,7.2,43.0,72,100,18.01,overcast clouds
40,Tiksi,RU,71.6872,128.8694,-15.75,100,100,6.78,overcast clouds
41,Siavonga,ZM,-16.5382,28.7088,69.89,61,73,5.91,broken clouds
42,Vaini,TO,-21.2,-175.2,77.0,83,40,5.75,scattered clouds
43,Provideniya,RU,64.3833,-173.3,-0.4,65,0,2.24,clear sky
44,Mamallapuram,IN,12.6264,80.1722,78.8,78,20,3.44,few clouds
45,Jamestown,US,42.097,-79.2353,78.8,31,20,12.66,few clouds
46,Srednekolymsk,RU,67.45,153.6833,8.42,86,100,3.13,overcast clouds
47,Olean,US,42.0776,-78.4297,75.2,35,1,9.22,clear sky
48,Cardston,CA,49.2,-113.3019,42.8,56,100,13.8,overcast clouds
49,Jambi,ID,-1.6,103.6167,74.26,94,98,2.84,overcast clouds
50,Bredasdorp,ZA,-34.5322,20.0403,59.0,94,7,3.44,clear sky
51,Hamilton,US,39.1834,-84.5333,66.0,82,90,5.75,overcast clouds
52,Codrington,AU,-38.2667,141.9667,56.19,68,100,13.76,overcast clouds
53,Ribeira Grande,PT,38.5167,-28.7,60.8,77,75,12.66,broken clouds
54,Rosetta,EG,31.4044,30.4164,62.6,67,0,6.91,clear sky
55,Comodoro Rivadavia,AR,-45.8667,-67.5,62.6,42,0,11.5,clear sky
56,Banyo,CM,6.75,11.8167,77.76,36,81,2.46,broken clouds
57,Eydhafushi,MV,5.1033,73.0708,81.37,77,27,8.41,scattered clouds
58,Harindanga,IN,22.0383,88.3214,82.4,74,40,6.91,haze
59,Leningradskiy,RU,69.3833,178.4167,-10.41,88,21,2.77,few clouds
60,Qaanaaq,GL,77.484,-69.3632,11.1,72,100,2.77,overcast clouds
61,Los Llanos De Aridane,ES,28.6585,-17.9182,69.8,78,20,3.44,few clouds
62,Chokurdakh,RU,70.6333,147.9167,-7.73,91,98,5.41,overcast clouds
63,Sicuani,PE,-14.2694,-71.2261,44.19,94,100,5.73,moderate rain
64,Hemnesberget,NO,66.2333,13.6333,26.6,86,20,6.67,few clouds
65,Xining,CN,36.6167,101.7667,39.54,91,100,0.51,overcast clouds
66,Portland,US,45.5234,-122.6762,55.0,37,75,9.22,broken clouds
67,Oranjestad,AW,12.524,-70.027,82.99,78,40,21.85,scattered clouds
68,Bluff,NZ,-46.6,168.3333,45.0,97,7,8.84,clear sky
69,Reconquista,AR,-29.15,-59.65,82.04,69,80,7.78,broken clouds
70,Lorengau,PG,-2.0226,147.2712,81.91,81,100,13.29,overcast clouds
71,Mataura,NZ,-46.1927,168.8643,45.0,97,0,2.24,clear sky
72,Saint-Philippe,RE,-21.3585,55.7679,78.8,78,0,3.44,light rain
73,Hilo,US,19.7297,-155.09,75.2,60,40,10.36,scattered clouds
74,Punta Arenas,CL,-53.15,-70.9167,48.2,66,75,26.46,broken clouds
75,Mar Del Plata,AR,-38.0023,-57.5575,64.4,94,90,11.5,moderate rain
76,Mizdah,LY,31.4451,12.9801,55.06,65,54,14.94,broken clouds
77,Longyearbyen,SJ,78.2186,15.6401,24.8,74,20,11.5,few clouds
78,Hay River,CA,60.8156,-115.7999,12.2,67,100,13.8,overcast clouds
79,Evensk,RU,61.95,159.2333,12.0,77,19,12.17,few clouds
80,San Patricio,US,28.017,-97.5169,88.0,54,1,14.97,clear sky
81,Yumen,CN,40.2833,97.2,49.64,44,100,14.81,overcast clouds
82,Turbat,PK,26.0023,63.044,78.73,25,37,2.93,scattered clouds
83,Libreville,GA,0.3925,9.4537,84.2,84,40,9.22,light rain
84,Dakar,SN,14.6937,-17.4441,71.6,73,0,13.8,clear sky
85,Teya,RU,60.3778,92.6267,30.31,96,100,2.33,overcast clouds
86,Dangriga,BZ,16.9692,-88.2321,87.01,74,40,8.05,scattered clouds
87,Tigzirt,DZ,36.8886,4.1198,56.95,78,74,12.17,broken clouds
88,Praia,CV,14.9215,-23.5087,73.4,73,0,25.32,clear sky
89,Podor,MR,16.6527,-14.9587,104.0,17,0,2.3,clear sky
90,Acapulco,MX,16.8634,-99.8901,87.8,58,1,11.5,clear sky
91,Kristiinankaupunki,FI,62.2743,21.376,32.67,74,10,11.1,clear sky
92,Chuy,UY,-33.6971,-53.4616,74.28,74,100,8.16,overcast clouds
93,Coquimbo,CL,-29.9533,-71.3436,66.2,68,0,14.97,clear sky
94,Upernavik,GL,72.7868,-56.1549,25.43,67,100,5.86,overcast clouds
95,Lebu,CL,-37.6167,-73.65,58.93,72,3,7.54,clear sky
96,Maldonado,UY,-34.6667,-54.9167,81.0,69,0,8.05,clear sky
97,Arraial Do Cabo,BR,-22.9661,-42.0278,77.0,73,40,5.75,scattered clouds
98,Vardo,NO,70.3705,31.1107,32.0,80,40,11.5,scattered clouds
99,Fortuna,US,40.5982,-124.1573,57.99,66,1,16.11,clear sky
100,Acarau,BR,-2.8856,-40.12,81.09,78,97,15.9,overcast clouds
101,Berdigestyakh,RU,62.0989,126.6992,32.02,99,100,2.46,snow
102,Nanortalik,GL,60.1432,-45.2371,37.22,73,96,10.74,overcast clouds
103,Sao Miguel Do Araguaia,BR,-13.275,-50.1628,75.65,84,99,5.01,overcast clouds
104,Avarua,CK,-21.2078,-159.775,80.6,83,75,9.22,broken clouds
105,Sao Filipe,CV,14.8961,-24.4956,74.75,63,1,7.2,clear sky
106,East London,ZA,-33.0153,27.9116,66.74,81,76,5.59,broken clouds
107,Khartoum,SD,15.5518,32.5324,90.0,10,18,15.48,few clouds
108,San Cristobal,VE,7.7669,-72.225,89.6,55,40,13.8,scattered clouds
109,Cape Town,ZA,-33.9258,18.4232,66.0,82,0,12.66,clear sky
110,Faya,SA,18.3851,42.4509,68.0,32,0,5.75,clear sky
111,Kysyl-Syr,RU,63.8986,122.7617,18.41,97,100,4.0,overcast clouds
112,Saint-Georges,GD,12.0564,-61.7485,81.12,70,81,11.56,broken clouds
113,Caxito,AO,-8.5785,13.6643,77.0,88,40,8.05,moderate rain
114,Keskin,TR,39.6731,33.6136,46.0,80,21,1.01,few clouds
115,Safaga,EG,26.7292,33.9365,77.0,31,0,11.5,clear sky
116,Yellowknife,CA,62.456,-114.3525,10.99,61,20,13.8,few clouds
117,Salalah,OM,17.0151,54.0924,78.8,78,0,3.44,clear sky
118,Cabedelo,BR,-6.9811,-34.8339,82.4,78,20,14.97,few clouds
119,Silao,MX,20.9333,-101.4333,86.0,12,20,5.75,few clouds
120,Roma,US,43.2128,-75.4557,77.0,31,1,10.36,clear sky
121,Georgetown,MY,5.4112,100.3354,80.6,94,20,2.3,few clouds
122,Touros,BR,-5.1989,-35.4608,84.2,65,40,11.5,scattered clouds
123,Luderitz,NA,-26.6481,15.1594,70.95,56,0,9.89,clear sky
124,San Quintin,MX,30.4833,-115.95,68.68,56,1,18.72,clear sky
125,Khatanga,RU,71.9667,102.5,-23.39,100,100,3.49,overcast clouds
126,Sibiti,CG,-3.6819,13.3499,70.81,97,100,2.21,light rain
127,Peniche,PT,39.3558,-9.3811,61.0,84,100,1.99,overcast clouds
128,Urengoy,RU,65.9667,78.3667,1.62,99,93,2.77,overcast clouds
129,Carnarvon,AU,-24.8667,113.6333,73.4,83,65,10.36,broken clouds
130,Saldanha,ZA,-33.0117,17.9442,62.6,77,91,10.36,overcast clouds
131,Fairbanks,US,64.8378,-147.7164,14.0,57,20,18.41,few clouds
132,Norman Wells,CA,65.282,-126.8329,10.4,56,75,19.57,broken clouds
133,Sambava,MG,-14.2667,50.1667,76.19,88,100,8.75,light rain
134,Kushmurun,KZ,52.4503,64.6311,32.67,90,87,4.32,overcast clouds
135,Korla,CN,41.7597,86.1469,52.7,53,92,8.68,overcast clouds
136,Barrow,US,71.2906,-156.7887,-16.6,69,20,9.22,few clouds
137,Katherine,AU,-14.4667,132.2667,73.4,88,90,3.18,overcast clouds
138,Vila Velha,BR,-20.3297,-40.2925,78.01,88,20,4.61,few clouds
139,Ujhani,IN,28.0167,79.0167,76.12,15,0,7.83,clear sky
140,Valparaiso,CL,-33.0393,-71.6273,73.4,40,0,16.11,clear sky
141,Nyurba,RU,63.2842,118.3319,13.21,92,100,8.16,overcast clouds
142,Kaitangata,NZ,-46.2817,169.8464,51.01,97,1,5.01,clear sky
143,Isla Mujeres,MX,21.2311,-86.731,86.0,62,40,12.66,scattered clouds
144,Impfondo,CG,1.6381,18.0667,71.4,85,99,1.39,overcast clouds
145,Cabo San Lucas,MX,22.8909,-109.9124,88.0,42,40,5.75,scattered clouds
146,Vanimo,PG,-2.6741,141.3028,76.84,90,100,3.8,overcast clouds
147,Bridlington,GB,54.0831,-0.1919,46.0,67,100,10.0,overcast clouds
148,Banes,CU,20.9625,-75.7186,84.2,51,40,12.66,scattered clouds
149,Cabuyaro,CO,4.2817,-72.794,89.65,50,18,1.72,few clouds
150,Hofn,IS,64.2539,-15.2082,24.69,55,100,21.88,overcast clouds
151,Sergeyevka,KZ,53.88,67.4158,33.33,92,95,7.7,overcast clouds
152,New Norfolk,AU,-42.7826,147.0587,51.01,70,72,4.45,broken clouds
153,Puerto Ayora,EC,-0.7393,-90.3518,86.0,62,40,18.41,scattered clouds
154,Hami,CN,42.8,93.45,59.97,29,100,8.86,overcast clouds
155,Hithadhoo,MV,-0.6,73.0833,82.74,68,13,14.76,few clouds
156,Dharchula,IN,29.85,80.5333,56.93,30,0,9.8,clear sky
157,Biak,ID,-0.9131,122.8766,75.99,86,98,4.38,overcast clouds
158,Katobu,ID,-4.9408,122.5276,75.42,91,94,1.88,overcast clouds
159,Bambous Virieux,MU,-20.3428,57.7575,80.01,78,40,11.5,scattered clouds
160,Kostomuksha,RU,64.571,30.5767,27.0,89,13,10.0,few clouds
161,Boyolangu,ID,-8.1181,111.8935,74.5,89,100,5.17,overcast clouds
162,Saskylakh,RU,71.9167,114.0833,-17.01,100,100,7.02,overcast clouds
163,Karratha,AU,-20.7377,116.8463,81.36,77,89,11.12,light rain
164,Camabatela,AO,-8.1881,15.375,65.26,92,100,1.41,overcast clouds
165,Murgab,TM,37.4966,61.9714,64.4,48,63,4.61,broken clouds
166,Piacabucu,BR,-10.4056,-36.4344,78.69,71,100,7.29,overcast clouds
167,Kiruna,SE,67.8557,20.2251,6.8,78,52,4.61,broken clouds
168,Noyabrsk,RU,63.1994,75.4507,31.5,88,100,7.4,overcast clouds
169,Bitung,ID,1.4451,125.1824,78.85,82,100,3.24,overcast clouds
170,Kruisfontein,ZA,-34.0033,24.7314,61.0,93,5,1.01,clear sky
171,San Francisco,US,37.7749,-122.4194,62.01,51,75,18.41,broken clouds
172,Bradford,GB,53.7939,-1.7521,48.0,71,99,5.99,light rain
173,Sorland,NO,67.667,12.6934,21.2,86,40,3.44,scattered clouds
174,Nabire,ID,-3.3667,135.4833,74.64,89,83,3.78,moderate rain
175,Kodiak,US,57.79,-152.4072,33.8,37,1,32.21,clear sky
176,Kaya,BF,13.0917,-1.0844,90.61,6,87,8.75,overcast clouds
177,Sao Jose Da Coroa Grande,BR,-8.8978,-35.1478,79.45,73,37,9.48,scattered clouds
178,Cravo Norte,CO,6.3017,-70.2041,78.44,75,100,1.9,overcast clouds
179,Santa Rosalia,MX,27.3167,-112.2833,82.27,25,0,6.35,clear sky
180,Grindavik,IS,63.8424,-22.4338,23.0,63,75,20.71,broken clouds
181,Bonavista,CA,48.6499,-53.1147,41.0,100,58,3.44,broken clouds
182,Pisco,PE,-13.7,-76.2167,73.4,68,0,13.8,clear sky
183,Honningsvag,NO,70.9821,25.9704,30.2,74,20,2.3,light snow
184,Clovis,US,36.8252,-119.7029,72.0,28,1,9.22,clear sky
185,Petropavlovsk-Kamchatskiy,RU,53.0452,158.6483,32.0,80,90,15.66,snow
186,Victoria,HK,22.2855,114.1577,69.01,90,100,14.72,light rain
187,Porto Novo,BJ,6.4965,2.6036,86.0,79,40,16.11,scattered clouds
188,Severo-Kurilsk,RU,50.6789,156.125,32.14,82,100,28.66,light snow
189,Itarema,BR,-2.9248,-39.9167,80.65,79,96,13.82,overcast clouds
190,Richards Bay,ZA,-28.783,32.0377,68.86,91,16,5.88,few clouds
191,Qaqortoq,GL,60.7167,-46.0333,41.0,56,75,9.22,broken clouds
192,Araouane,ML,18.9048,-3.5265,87.51,11,0,9.19,clear sky
193,Saint-Joseph,RE,-21.3667,55.6167,78.8,78,0,3.44,light rain
194,Mmabatho,ZA,-25.85,25.6333,60.8,88,12,3.44,few clouds
195,Mecca,SA,21.4267,39.8261,79.7,44,100,2.62,overcast clouds
196,Havoysund,NO,70.9963,24.6622,30.2,74,20,2.3,few clouds
197,Baiao,BR,-2.7906,-49.6717,80.01,76,100,3.18,overcast clouds
198,Nizhniy Kuranakh,RU,58.8353,125.4869,24.39,87,100,4.9,overcast clouds
199,Pangody,RU,65.85,74.4859,8.83,98,100,6.42,overcast clouds
200,Airai,TL,-8.9266,125.4092,58.44,93,85,2.04,overcast clouds
201,Nalut,LY,30.3333,10.85,67.05,43,31,16.08,scattered clouds
202,Qom,IR,34.6401,50.8764,71.31,25,98,7.61,overcast clouds
203,Pouembout,NC,-21.1333,164.9,73.96,88,100,8.81,light rain
204,Sikasso,ML,10.9167,-7.0,89.51,8,24,5.08,few clouds
205,Bandiagara,ML,14.3501,-3.6104,87.94,8,20,10.38,few clouds
206,Asau,RO,46.4333,26.4,41.0,42,40,5.75,scattered clouds
207,Narsaq,GL,60.9167,-46.05,41.0,56,75,9.22,broken clouds
208,Acajutla,SV,13.5928,-89.8275,91.4,35,20,4.61,few clouds
209,Sale,MA,34.0389,-6.8166,63.0,88,75,3.44,broken clouds
210,Constantine,DZ,36.365,6.6147,51.8,71,40,4.61,scattered clouds
211,Vestmanna,FO,62.1564,-7.1664,28.4,69,40,26.46,light snow
212,Muros,ES,42.7762,-9.0603,55.99,78,22,5.39,few clouds
213,Anadyr,RU,64.75,177.4833,-11.0,77,0,2.24,clear sky
214,Souillac,MU,-20.5167,57.5167,78.8,78,40,11.5,scattered clouds
215,Cockburn Town,TC,21.4612,-71.1419,77.0,57,40,13.8,scattered clouds
216,Ilulissat,GL,69.2167,-51.1,33.8,80,90,10.36,snow
217,San Policarpo,PH,12.1791,125.5072,78.39,74,95,5.57,overcast clouds
218,Samarai,PG,-10.6167,150.6667,79.99,82,99,11.41,overcast clouds
219,Salisbury,GB,51.0693,-1.7957,46.0,76,75,8.05,broken clouds
220,Rocky Mountain House,CA,52.3668,-114.9188,37.4,52,100,12.66,overcast clouds
221,Mikun,RU,62.3547,50.0771,37.45,96,100,14.2,moderate rain
222,Guerrero Negro,MX,27.9769,-114.0611,75.81,45,0,19.71,clear sky
223,Mosquera,CO,4.7059,-74.2302,59.0,88,40,2.3,scattered clouds
224,Cherskiy,RU,68.75,161.3,0.75,86,59,4.83,broken clouds
225,Pathein,MM,16.7833,94.7333,76.91,80,0,5.82,clear sky
226,Esperance,AU,-33.8667,121.9,59.0,100,90,8.05,overcast clouds
227,Castro,BR,-24.7911,-50.0119,66.83,67,88,7.81,overcast clouds
228,Kemijarvi,FI,66.7131,27.4306,25.32,90,41,3.29,scattered clouds
229,Ciudad Bolivar,VE,8.1222,-63.5497,97.56,28,86,4.29,overcast clouds
230,Velka Bites,CZ,49.2884,16.2274,33.01,64,0,5.75,clear sky
231,Ilo,PE,-17.6394,-71.3375,71.6,73,90,8.05,overcast clouds
232,Emporia,US,38.4039,-96.1817,64.4,52,75,19.57,broken clouds
233,Benjamin Constant,BR,-4.3831,-70.0311,86.0,74,20,6.91,few clouds
234,Karatsu,JP,33.4425,129.9697,48.2,87,10,3.44,clear sky
235,Duldurga,RU,50.6761,113.5931,38.64,49,91,2.21,overcast clouds
236,Tambura,SS,5.6,27.4667,73.44,77,100,3.53,overcast clouds
237,Tiznit,MA,29.5833,-9.5,56.57,69,56,3.42,broken clouds
238,Bintulu,MY,3.1667,113.0333,77.0,88,20,4.61,few clouds
239,Prabumulih,ID,-3.45,104.25,73.38,96,98,2.71,overcast clouds
240,Vilya,RU,55.2456,42.2089,32.5,80,99,7.65,overcast clouds
241,Saint Anthony,US,45.0205,-93.218,66.2,77,75,3.44,broken clouds
242,Otofuke,JP,42.9917,143.2003,30.2,51,0,5.44,clear sky
243,Miandoab,IR,36.9694,46.1027,58.55,47,100,4.03,overcast clouds
244,Coihaique,CL,-45.5752,-72.0662,53.6,76,75,4.61,light rain
245,Bay Roberts,CA,47.5999,-53.2648,41.0,99,96,8.99,light rain
246,Auki,SB,-8.7676,160.7034,75.88,89,100,9.22,light rain
247,Cidreira,BR,-30.1811,-50.2056,74.66,81,27,22.75,scattered clouds
248,Pimentel,PE,-6.8367,-79.9342,78.8,61,0,23.02,clear sky
249,Pandan,PH,14.0453,124.1694,76.75,81,50,5.79,scattered clouds
250,Igunga,TZ,-4.2833,33.8833,66.13,86,15,5.91,few clouds
251,Haines Junction,CA,60.7522,-137.5108,17.6,62,100,3.44,light snow
252,Dicabisagan,PH,17.0818,122.4157,74.89,88,93,6.58,overcast clouds
253,Lakes Entrance,AU,-37.8811,147.981,60.01,89,100,5.01,overcast clouds
254,Siocon,PH,7.7061,122.1353,77.13,86,80,4.21,broken clouds
255,Lavrentiya,RU,65.5833,-171.0,-7.87,79,4,1.19,clear sky
256,Bilma,NE,18.6853,12.9164,85.48,7,0,5.3,clear sky
257,Dingle,PH,10.9995,122.6711,73.99,86,67,5.48,broken clouds
258,Colesberg,ZA,-30.72,25.0972,68.5,32,4,5.73,clear sky
259,Kavieng,PG,-2.5744,150.7967,80.4,82,100,10.8,overcast clouds
260,Saint-Augustin,CA,51.226,-58.6502,38.43,99,96,1.16,overcast clouds
261,Nogent-Le-Rotrou,FR,48.3333,1.0,48.0,57,0,3.74,clear sky
262,Guilin,CN,25.2819,110.2864,53.6,100,75,2.24,broken clouds
263,Gushikawa,JP,26.3544,127.8686,68.0,77,40,4.61,scattered clouds
264,Fort Nelson,CA,58.8053,-122.7002,24.8,58,75,10.36,broken clouds
265,Ananas,HT,19.2466,-71.9557,77.4,64,100,11.12,overcast clouds
266,Arrecife,ES,28.963,-13.5477,68.0,83,20,2.3,few clouds
267,Port Hardy,CA,50.6996,-127.4199,42.8,70,75,3.44,broken clouds
268,Muhos,FI,64.808,25.9931,28.4,80,0,6.91,clear sky
269,The Valley,AI,18.217,-63.0578,82.4,65,40,9.22,scattered clouds
270,Chernihiv,UA,51.0,32.0,34.88,73,14,8.1,few clouds
271,Thunder Bay,CA,48.4001,-89.3168,46.0,93,90,14.97,overcast clouds
272,Kvitok,RU,56.0724,98.4813,31.66,93,100,3.31,overcast clouds
273,Teguldet,RU,57.3064,88.1667,28.72,98,79,3.74,broken clouds
274,Ancud,CL,-41.8697,-73.8203,60.01,63,75,11.5,light rain
275,Naze,JP,28.3667,129.4833,62.53,69,100,8.66,overcast clouds
276,Dauriya,RU,49.9333,116.8667,41.05,34,100,4.45,overcast clouds
277,Kungurtug,RU,50.5994,97.5228,25.45,94,87,0.54,overcast clouds
278,Belaya Gora,RU,68.5333,146.4167,-6.11,99,98,1.97,overcast clouds
279,Nieuw Amsterdam,SR,5.8833,-55.0833,82.4,89,40,4.61,scattered clouds
280,Flin Flon,CA,54.7682,-101.865,50.0,34,90,11.5,overcast clouds
281,Bela,IN,25.9333,81.9833,81.01,15,71,7.23,broken clouds
282,Urucara,BR,-2.5364,-57.76,83.66,71,100,0.96,overcast clouds
283,Sikandarpur,IN,26.05,84.05,80.37,14,0,3.71,clear sky
284,Bethel,US,41.3712,-73.414,71.6,35,75,13.8,broken clouds
285,Ashcroft,CA,50.7165,-121.2859,48.2,37,40,12.66,scattered clouds
286,Bilibino,RU,68.0546,166.4372,-6.39,92,36,2.89,scattered clouds
287,Malkangiri,IN,18.35,81.9,82.83,45,89,1.5,overcast clouds
288,Baicheng,CN,45.6167,122.8167,35.74,32,19,7.76,few clouds
289,Humboldt,US,40.6665,-123.9178,57.99,66,1,16.11,clear sky
290,Lompoc,US,34.6391,-120.4579,62.6,55,48,17.27,scattered clouds
291,San Felipe,VE,10.3399,-68.7425,77.58,87,100,4.83,overcast clouds
292,Dutlwe,BW,-23.9833,23.9,71.78,40,70,6.93,broken clouds
293,Sault Sainte Marie,CA,46.5168,-84.3333,66.2,45,1,16.11,clear sky
294,Joacaba,BR,-27.1781,-51.5047,72.01,64,100,5.08,overcast clouds
295,Lampa,CL,-33.2833,-70.9,77.0,40,0,12.66,clear sky
296,Port-Gentil,GA,-0.7193,8.7815,78.8,83,75,12.66,light rain
297,Turayf,SA,31.6725,38.6637,69.8,32,0,13.8,clear sky
298,Eureka,US,40.8021,-124.1637,60.01,67,23,8.01,few clouds
299,Santa Fe,AR,-31.6333,-60.7,90.0,52,100,5.99,overcast clouds
300,Amambai,BR,-23.1042,-55.2258,83.26,46,9,12.48,clear sky
301,Komsomolskiy,UZ,40.4272,71.7189,53.6,50,0,4.61,clear sky
302,Marzuq,YE,14.4,46.4667,67.55,40,65,5.23,broken clouds
303,Cagliari,IT,39.245,9.0912,51.8,50,0,11.5,clear sky
304,Egvekinot,RU,66.3167,-179.1667,-8.61,94,74,1.79,broken clouds
305,Kahului,US,20.8947,-156.47,78.8,53,20,20.71,few clouds
306,Mlowo,TZ,-9.0,32.9833,56.86,97,64,4.05,broken clouds
307,Nacimiento,CL,-37.5,-72.6667,57.2,94,75,6.91,broken clouds
308,Ostrovnoy,RU,68.0531,39.5131,34.05,98,100,8.81,overcast clouds
309,Chicama,PE,-7.8447,-79.1469,69.8,83,20,13.8,few clouds
310,Muisne,EC,0.6,-80.0333,86.0,79,20,6.91,few clouds
311,Taltal,CL,-25.4,-70.4833,69.01,75,88,7.0,overcast clouds
312,Kaa-Khem,RU,51.6833,94.7333,36.88,71,94,3.89,overcast clouds
313,Itaueira,BR,-7.6033,-43.0256,88.79,33,96,5.93,overcast clouds
314,Dikson,RU,73.5069,80.5464,0.45,79,28,12.06,scattered clouds
315,Alindao,CF,5.0267,21.2088,73.74,88,97,5.23,overcast clouds
316,Shimanovsk,RU,52.0,127.7,19.69,86,9,2.04,clear sky
317,Atherton,GB,53.5237,-2.4935,48.0,65,100,7.0,overcast clouds
318,Aykhal,RU,66.0,111.5,-1.43,97,97,13.0,overcast clouds
319,El Tigre,VE,8.8875,-64.2454,93.92,30,94,9.17,overcast clouds
320,Katsuura,JP,35.1333,140.3,50.0,71,46,3.0,scattered clouds
321,Outlook,CA,51.5001,-107.0513,59.0,66,100,20.71,light rain
322,Qasigiannguit,GL,68.8193,-51.1922,33.8,80,90,10.36,light snow
323,Arlit,NE,18.7369,7.3853,87.13,6,37,10.74,scattered clouds
324,Sayyan,YE,15.1718,44.3244,57.61,20,15,4.7,few clouds
325,Alenquer,BR,-1.9417,-54.7383,87.8,70,20,5.75,few clouds
326,Povenets,RU,62.8487,34.8262,31.37,86,98,10.58,snow
327,Atar,MR,20.5169,-13.0499,85.77,13,0,7.45,clear sky
328,Sur,OM,22.5667,59.5289,79.74,54,0,11.36,clear sky
329,Kieta,PG,-6.2167,155.6333,79.88,86,100,9.86,light rain
330,Fare,PF,-16.7,-151.0167,81.3,74,9,10.42,clear sky
331,Aksarka,RU,66.5606,67.7975,30.0,91,100,11.54,overcast clouds
332,Olafsvik,IS,64.8945,-23.7142,25.3,47,5,10.04,clear sky
333,Khasan,RU,42.4308,130.6434,33.64,51,0,7.87,clear sky
334,Rovaniemi,FI,66.5,25.7167,30.2,55,0,3.44,clear sky
335,Lucapa,AO,-8.4192,20.7447,66.13,98,100,3.4,light rain
336,Sitka,US,57.0531,-135.33,35.6,93,90,21.85,mist
337,Beringovskiy,RU,63.05,179.3167,-3.01,94,43,3.49,scattered clouds
338,Manokwari,ID,-0.8667,134.0833,77.79,74,96,4.43,light rain
339,Maceio,BR,-9.6658,-35.7353,82.4,74,75,12.66,broken clouds
340,High Rock,BS,26.6208,-78.2833,75.2,53,75,4.61,broken clouds
341,Nikolskoye,RU,59.7035,30.7861,36.0,74,0,8.95,clear sky
342,Juegang,CN,32.3174,121.1855,48.99,76,0,6.87,clear sky
343,Lac Du Bonnet,CA,50.2536,-96.0612,44.01,99,100,8.01,overcast clouds
344,Balkanabat,TM,39.5108,54.3671,75.33,25,0,7.63,clear sky
345,Yiyang,CN,28.5892,112.3283,53.64,93,100,3.4,light rain
346,Iberia,US,29.9502,-91.7507,80.6,54,1,9.22,clear sky
347,Jackson,US,42.4165,-122.8345,61.0,38,40,5.75,scattered clouds
348,Praia Da Vitoria,PT,38.7333,-27.0667,60.8,94,75,18.68,broken clouds
349,Imperatriz,BR,-5.5264,-47.4917,80.51,78,69,4.43,broken clouds
350,Houma,US,29.5958,-90.7195,84.0,54,1,6.91,clear sky
351,Halifax,CA,44.6453,-63.5724,62.6,42,20,17.27,few clouds
352,Celestun,MX,20.8667,-90.4,83.35,67,3,14.18,clear sky
353,Polunochnoye,RU,60.8697,60.4153,33.39,98,100,4.81,overcast clouds
354,Jumla,NP,29.2747,82.1838,43.45,54,3,5.37,clear sky
355,Brovst,DK,57.0956,9.528,42.8,93,90,24.16,light intensity drizzle
356,Walvis Bay,NA,-22.9575,14.5053,68.0,64,3,2.3,clear sky
357,Puerto Carreno,CO,6.189,-67.4859,84.85,63,100,9.44,overcast clouds
358,Hobyo,SO,5.3505,48.5268,81.23,75,18,11.39,few clouds
359,Aksha,RU,50.2814,113.2867,38.52,50,90,2.04,overcast clouds
360,Huacho,PE,-11.1067,-77.605,72.91,78,67,7.65,broken clouds
361,Padang,ID,-0.9492,100.3543,77.0,94,90,2.3,light rain
362,Nelson Bay,AU,-32.7167,152.15,62.01,100,69,8.05,broken clouds
363,Goderich,CA,43.7501,-81.7165,80.6,34,87,18.41,overcast clouds
364,Geraldton,AU,-28.7667,114.6,71.6,56,96,17.27,overcast clouds
365,Morgan City,US,29.6994,-91.2068,82.99,57,1,9.22,clear sky
366,Lyngseidet,NO,69.5763,20.2189,26.6,74,20,3.44,light snow
367,Monrovia,LR,6.3005,-10.7969,80.6,94,20,6.53,few clouds
368,Sao Joao Da Barra,BR,-21.6403,-41.0511,78.8,65,40,6.91,scattered clouds
369,Biryusinsk,RU,55.9634,97.8235,31.48,88,100,3.44,overcast clouds
370,Ayan,RU,56.45,138.1667,11.48,92,88,5.35,overcast clouds
371,Kimbe,PG,-5.5502,150.1429,75.42,96,100,2.48,moderate rain
372,Aksu,CN,41.1231,80.2644,50.4,67,97,4.63,overcast clouds
373,Igarka,RU,67.4667,86.5833,11.23,90,100,5.37,overcast clouds
374,Santiago De Cuba,CU,20.0247,-75.8219,82.4,65,40,13.8,scattered clouds
375,Pecos,US,31.4229,-103.4932,88.0,6,1,9.22,clear sky
376,Greenfield,US,42.9614,-88.0126,55.99,88,90,5.91,overcast clouds
377,Erenhot,CN,43.6475,111.9767,43.74,34,0,4.92,clear sky
378,Constitucion,CL,-35.3333,-72.4167,61.88,72,10,5.41,clear sky
379,Elat,IL,29.5581,34.9482,69.51,48,0,7.72,clear sky
380,Hibbing,US,47.4272,-92.9377,51.8,93,90,8.05,light rain
381,Hvolsvollur,IS,63.7533,-20.2243,19.02,65,0,13.22,clear sky
382,Honiara,SB,-9.4333,159.95,75.67,97,100,8.14,light rain
383,Laguna De Perlas,NI,12.3429,-83.6712,84.2,79,75,4.61,broken clouds
384,Mormugao,IN,15.4,73.8,82.4,78,40,6.91,scattered clouds
385,Westport,US,41.1415,-73.3579,66.99,45,1,8.05,clear sky
386,Mpanda,TZ,-6.3655,31.0409,64.29,96,38,1.41,light rain
387,Korhogo,CI,9.45,-5.6333,88.11,32,40,4.43,scattered clouds
388,Alta Floresta,BR,-9.8756,-56.0861,76.96,92,75,4.32,broken clouds
389,Cortez,US,37.3489,-108.5859,66.2,13,20,17.27,few clouds
390,Umarkot,PK,25.3616,69.7362,81.03,15,0,7.9,clear sky
391,Assiniboia,CA,49.6334,-105.9845,50.0,53,100,17.27,overcast clouds
392,Sibu,MY,2.3,111.8167,73.4,100,40,2.3,scattered clouds
393,Chumikan,RU,54.7183,135.315,11.91,95,98,4.56,overcast clouds
394,Uvira,CD,-3.4067,29.1458,72.3,91,99,4.52,light rain
395,Novyy Urgal,RU,51.0736,132.5642,21.97,76,4,2.35,clear sky
396,Kamenka,RU,51.3223,42.7678,41.0,68,100,4.23,overcast clouds
397,Havre-Saint-Pierre,CA,50.2334,-63.5986,46.4,71,90,6.91,overcast clouds
398,Tecoanapa,MX,16.5167,-98.75,86.13,50,0,12.53,clear sky
399,Payo,ID,-3.7508,103.6372,71.55,95,89,0.54,overcast clouds
400,Ust-Nera,RU,64.5667,143.2,0.0,98,93,2.44,overcast clouds
401,Beloha,MG,-25.1667,45.05,71.28,89,24,11.05,few clouds
402,Saint-Hubert,BE,50.05,5.3833,37.99,75,97,5.28,overcast clouds
403,Pangnirtung,CA,66.1451,-65.7125,24.8,86,90,18.41,snow
404,Aklavik,CA,68.2191,-135.0107,-11.2,70,75,19.57,snow
405,Vredendal,ZA,-31.6683,18.5012,65.43,65,32,2.89,scattered clouds
406,Onhaye,BE,50.2426,4.8433,39.2,60,20,3.44,few clouds
407,Vila,PT,42.0304,-8.1588,53.01,67,30,5.01,scattered clouds
408,Gohpur,IN,26.8833,93.6333,70.05,76,54,2.46,broken clouds
409,Gazanjyk,TM,39.2446,55.5154,73.09,26,0,8.3,clear sky
410,Klamath Falls,US,42.2249,-121.7817,52.0,43,1,6.91,clear sky
411,Vanavara,RU,60.34,102.2797,12.06,91,7,7.43,clear sky
412,Northam,GB,51.0333,-4.2167,45.0,88,100,4.0,overcast clouds
413,Bandarbeyla,SO,9.4942,50.8122,76.17,62,11,3.62,few clouds
414,Mahebourg,MU,-20.4081,57.7,78.8,78,40,11.5,scattered clouds
415,Konosha,RU,60.9736,40.257,31.3,96,100,12.08,light snow
416,Cayeli,TR,41.0923,40.7292,51.96,94,100,10.71,overcast clouds
417,Eyl,SO,7.9803,49.8164,76.62,64,9,6.49,clear sky
418,Torbay,CA,47.6666,-52.7314,41.0,100,90,18.41,light intensity drizzle
419,Ondangwa,NA,-17.9167,15.95,73.4,64,71,4.61,broken clouds
420,Kantunilkin,MX,21.0917,-87.45,86.0,62,40,12.66,scattered clouds
421,Anloga,GH,5.7947,0.8973,84.2,84,20,12.66,light rain
422,Shubarshi,KZ,48.5872,57.1869,45.75,75,5,9.19,clear sky
423,Puyang,CN,29.4603,119.8861,50.13,89,100,2.57,overcast clouds
424,Lata,PT,40.1629,-8.3327,59.0,77,100,1.99,overcast clouds
425,Vuktyl,RU,63.8567,57.3094,38.84,84,100,16.11,overcast clouds
426,Umm Lajj,SA,25.0213,37.2685,77.59,44,3,6.69,clear sky
427,Margate,GB,51.3813,1.3862,45.0,62,100,1.99,overcast clouds
428,Gwadar,PK,25.1216,62.3254,78.01,63,0,11.52,clear sky
429,Oktyabrskiy,RU,54.4815,53.471,35.44,98,100,5.06,overcast clouds
430,Pontianak,ID,-0.0333,109.3333,77.0,94,20,2.3,few clouds
431,Praxedis Guerrero,MX,31.3667,-106.0167,84.0,7,75,19.57,broken clouds
432,Conceicao Do Araguaia,BR,-8.2578,-49.2647,80.85,78,72,0.74,broken clouds
433,Quatre Cocos,MU,-20.2078,57.7625,80.01,78,40,11.5,scattered clouds
434,Sambek,RU,47.7431,39.8308,41.0,75,100,11.18,overcast clouds
435,Jeremie,HT,18.65,-74.1167,77.68,81,100,3.58,overcast clouds
436,Algemesi,ES,39.1833,-0.4333,55.0,66,61,1.01,broken clouds
437,Tilichiki,RU,60.4667,166.1,6.49,91,100,9.91,overcast clouds
438,Faanui,PF,-16.4833,-151.75,81.88,69,19,10.54,few clouds
439,Parrita,CR,9.5201,-84.3225,73.0,94,75,3.44,broken clouds
440,Yulara,AU,-25.2406,130.9889,60.8,51,25,5.75,scattered clouds
441,Caraballeda,VE,10.6112,-66.8522,80.73,85,94,8.57,overcast clouds
442,Verkhnevilyuysk,RU,63.4453,120.3167,13.75,93,100,7.56,overcast clouds
443,San Julian,MX,21.0167,-102.1667,85.15,9,3,10.58,clear sky
444,Ahuimanu,US,21.4447,-157.8378,77.0,57,40,16.11,scattered clouds
445,Tabas,IR,33.5959,56.9244,73.09,14,13,2.53,few clouds
446,Yenotayevka,RU,47.2456,47.0281,53.49,57,100,8.63,overcast clouds
447,Saint-Pierre,RE,-21.3393,55.4781,78.8,73,0,3.44,moderate rain
448,Port Lincoln,AU,-34.7333,135.8667,59.88,68,48,13.0,scattered clouds
449,Tasquillo,MX,20.55,-99.3,85.69,17,4,2.82,clear sky
450,Marawi,PH,7.9986,124.2928,75.0,91,99,7.0,overcast clouds
451,Port Shepstone,ZA,-30.7414,30.455,69.15,83,2,6.31,clear sky
452,Wum,CM,6.3833,10.0667,72.52,64,89,3.67,overcast clouds
453,Black River,JM,18.0264,-77.8487,82.4,74,20,20.71,few clouds
454,Mezen,RU,65.8522,44.24,36.81,96,100,12.62,light rain
455,Kalmunai,LK,7.4167,81.8167,77.18,82,22,5.32,few clouds
456,Cayenne,GF,4.9333,-52.3333,82.4,78,90,6.91,overcast clouds
457,Guarapari,BR,-20.6667,-40.4975,77.0,88,20,4.61,few clouds
458,Puerto Narino,CO,-3.7703,-70.3831,86.0,74,75,9.22,broken clouds
459,Bukama,CD,-9.2,25.85,67.91,95,48,2.98,scattered clouds
460,Palauig,PH,15.435,119.9045,78.17,77,18,2.75,few clouds
461,Mentougou,CN,39.9392,116.0917,54.0,44,28,4.85,scattered clouds
462,Torit,SS,4.4133,32.5678,78.87,50,77,3.89,broken clouds
463,Brae,GB,60.3964,-1.353,37.4,81,75,32.21,broken clouds
464,Stokmarknes,NO,68.5646,14.9108,28.99,93,90,10.36,light snow
465,San Roque,ES,36.2107,-5.3842,60.8,77,75,26.46,broken clouds
466,Puerto Baquerizo Moreno,EC,-0.9,-89.6,84.2,79,40,12.66,scattered clouds
467,Domoni,KM,-12.2569,44.5319,78.44,84,13,2.39,moderate rain
468,Te Anau,NZ,-45.4167,167.7167,49.32,82,21,2.86,few clouds
469,Winnemucca,US,40.973,-117.7357,60.8,23,1,16.11,clear sky
470,Riyadh,SA,24.6877,46.7219,82.4,23,0,3.44,clear sky
471,Sunnyside,US,46.3237,-120.0087,55.4,26,1,18.41,clear sky
472,Ban Dung,TH,17.699,103.2596,78.01,79,32,6.96,scattered clouds
473,Gat,IL,31.61,34.7642,63.0,100,22,1.01,few clouds
474,Kuching,MY,1.55,110.3333,77.0,100,20,1.28,few clouds
475,Same,TZ,-4.0667,37.7333,66.9,96,99,2.93,overcast clouds
476,Taga,RO,46.95,24.05,36.0,93,75,3.44,broken clouds
477,Aripuana,BR,-9.1667,-60.6333,78.15,92,100,1.68,light rain
478,Taunggyi,MM,20.7833,97.0333,61.57,69,0,2.28,clear sky
479,Isabela,PH,6.7085,121.9711,78.6,82,77,3.29,broken clouds
480,Alipur Chatha,PK,32.2688,73.819,64.4,59,20,4.61,smoke
481,Birao,CF,10.2849,22.7882,84.4,8,52,5.77,broken clouds
482,Vung Tau,VN,10.346,107.0843,80.69,78,98,16.46,overcast clouds
483,Ugoofaaru,MV,5.6667,73.0,81.9,76,10,8.32,clear sky
484,Channel-Port Aux Basques,CA,47.5702,-59.1367,45.54,73,100,6.87,overcast clouds
485,Gravelbourg,CA,49.8834,-106.5512,50.0,53,100,17.27,overcast clouds
486,Axim,GH,4.8699,-2.2405,81.12,87,94,5.41,light rain
487,Ladario,BR,-19.0047,-57.6017,91.4,49,40,9.22,scattered clouds
488,Liusha,CN,27.2098,108.59,46.31,90,80,3.18,broken clouds
489,Mount Gambier,AU,-37.8333,140.7667,53.6,76,75,5.75,broken clouds
490,Carupano,VE,10.6678,-63.2585,82.2,70,100,14.16,overcast clouds
491,Wakkanai,JP,45.4094,141.6739,30.06,86,100,6.04,light snow
492,Tezu,IN,27.9167,96.1667,72.59,52,100,3.62,overcast clouds
493,Bani,DO,18.2833,-70.3333,80.6,83,75,11.5,broken clouds
494,Port Blair,IN,11.6667,92.75,80.33,75,6,0.98,clear sky
495,Kupang,ID,-10.1667,123.5833,76.86,85,37,4.36,scattered clouds
496,Owando,CG,-0.4819,15.8999,72.28,93,99,2.57,overcast clouds
497,Bato,PH,13.3528,123.3677,71.89,91,92,3.31,overcast clouds
498,Ulaangom,MN,49.9811,92.0667,36.79,52,29,1.68,scattered clouds
499,Lagoa,PT,39.05,-27.9833,58.84,88,5,19.15,clear sky
500,Poum,NC,-20.2333,164.0167,77.25,89,100,16.8,light rain
501,Husavik,IS,66.0449,-17.3389,23.0,68,90,16.11,light snow
502,Wahiawa,US,21.5028,-158.0236,75.2,53,20,12.66,few clouds
503,Tuatapere,NZ,-46.1333,167.6833,46.0,97,4,5.44,clear sky
504,Hervey Bay,AU,-25.2986,152.8535,69.01,91,7,4.92,clear sky
505,Alto Araguaia,BR,-17.3147,-53.2153,74.66,77,66,7.85,heavy intensity rain
506,Limbang,MY,4.75,115.0,77.0,100,75,4.61,broken clouds
507,Mankono,CI,8.0586,-6.1897,83.88,58,79,6.4,broken clouds
508,Tigil,RU,57.8,158.6667,21.54,78,100,12.93,overcast clouds
509,The Pas,CA,53.8251,-101.2541,50.0,40,1,14.97,clear sky
510,Kedainiai,LT,55.2883,23.9747,35.6,60,75,6.91,broken clouds
511,Mareeba,AU,-17.0,145.4333,71.6,94,99,1.68,overcast clouds
512,La Libertad,EC,-2.2333,-80.9,84.2,70,0,6.91,clear sky
513,Luganville,VU,-15.5333,167.1667,81.73,79,100,5.88,overcast clouds
514,Jining,CN,35.405,116.5814,48.31,71,32,6.29,scattered clouds
515,Iskandar,UZ,41.5539,69.7008,55.4,50,0,9.22,clear sky
516,Macia,MZ,-25.0269,33.0989,68.47,93,5,4.34,clear sky
517,Zaysan,KZ,47.4667,84.8667,43.52,73,5,4.38,clear sky
518,Vila Franca Do Campo,PT,37.7167,-25.4333,60.8,82,75,19.57,broken clouds
519,Whitehorse,CA,60.7161,-135.0538,23.0,67,75,17.27,snow
520,Turukhansk,RU,65.8167,87.9833,17.8,95,100,3.36,overcast clouds
521,Shingu,JP,33.7333,135.9833,47.52,78,22,6.11,few clouds
522,Hailar,CN,49.2,119.7,35.8,46,75,8.48,broken clouds
523,Tondi,IN,9.7333,79.0167,81.5,65,23,7.23,few clouds
524,Masvingo,ZW,-20.0637,30.8277,59.67,73,5,5.14,clear sky
525,Nadym,RU,65.5333,72.5167,28.58,93,100,9.84,overcast clouds
526,Nhulunbuy,AU,-12.2333,136.7667,73.4,88,100,3.44,overcast clouds
527,Capreol,CA,46.706,-80.9225,75.2,29,20,12.66,few clouds
528,Coahuayana,MX,18.7333,-103.6833,87.8,30,40,11.5,scattered clouds
529,Nambucca Heads,AU,-30.65,153.0,59.0,100,15,3.44,few clouds
530,Tabuk,PH,17.4189,121.4443,72.73,86,93,3.4,overcast clouds
531,Tura,IN,25.5198,90.2201,71.46,78,0,5.41,clear sky
532,Barabai,ID,-2.5833,115.3833,72.91,97,90,2.15,overcast clouds
533,Quang Ngai,VN,15.1167,108.8,71.08,90,33,3.58,scattered clouds
534,Voznesenskaya,RU,44.5527,41.0318,50.47,91,100,5.84,overcast clouds
535,Szczytno,PL,53.5626,20.9875,33.8,100,75,6.91,broken clouds
536,Aitape,PG,-3.1374,142.3475,76.73,87,100,2.01,overcast clouds
537,Gunnedah,AU,-30.9833,150.25,57.0,93,49,0.98,scattered clouds
538,Verkhoturye,RU,58.8627,60.8054,34.54,99,100,1.72,overcast clouds
539,Amahai,ID,-3.3333,128.9167,84.99,83,99,3.44,overcast clouds
540,Wenling,CN,28.3669,121.36,57.0,76,97,6.6,overcast clouds
541,Yar-Sale,RU,66.8333,70.8333,31.39,81,100,13.94,overcast clouds
542,Chestermere,CA,51.0334,-113.8187,39.0,48,75,19.57,broken clouds
543,Kawalu,ID,-7.3817,108.2082,71.82,86,99,2.93,overcast clouds
544,Kununurra,AU,-15.7667,128.7333,73.4,94,75,1.14,broken clouds
545,Carnduff,CA,49.1667,-101.8009,63.0,22,0,7.0,clear sky
546,Yinchuan,CN,38.4681,106.2731,50.0,50,100,5.57,overcast clouds
547,Quelimane,MZ,-17.8786,36.8883,77.0,88,20,3.44,few clouds
548,Shahr-E Babak,IR,30.1165,55.1186,60.57,12,10,2.93,clear sky
549,Ashtabula,US,41.7001,-80.7665,82.4,28,1,12.66,clear sky
550,Jogindarnagar,IN,31.9833,76.7667,58.64,39,0,9.57,clear sky
551,Kangaatsiaq,GL,68.3065,-53.4641,29.43,97,100,12.93,snow
552,Sinop,TR,41.7711,34.8709,37.69,98,100,7.11,overcast clouds
553,Berlevag,NO,70.8578,29.0864,33.8,75,20,13.8,few clouds
554,Touho,NC,-20.7833,165.2333,73.89,93,100,5.39,light rain
555,Gizo,SB,-8.103,156.8419,80.87,81,100,12.68,light rain
556,Teknaf,BD,20.8624,92.3058,74.07,92,4,4.07,clear sky
557,Bayan,CN,46.0833,127.4,29.84,49,1,2.62,clear sky
558,Kota Tinggi,MY,1.7381,103.8999,80.6,94,40,1.14,scattered clouds
559,Beidao,CN,34.5686,105.8933,52.45,68,100,4.29,overcast clouds
560,Lasa,IT,46.6166,10.7002,48.2,47,0,1.14,clear sky
561,Ko Samui,TH,9.5357,99.9357,83.08,68,44,2.89,scattered clouds
562,Darlawn,IN,24.0167,92.9,62.02,71,0,2.1,clear sky
563,Ambulu,ID,-8.345,113.6058,75.67,85,100,3.29,overcast clouds
564,Half Moon Bay,US,37.4636,-122.4286,66.0,71,1,12.66,haze
565,Amazar,RU,53.858,120.875,24.26,91,37,2.77,scattered clouds
566,Koumra,TD,8.9126,17.5539,91.24,15,16,7.94,few clouds
567,Korem,ET,12.5058,39.5228,54.84,19,0,1.25,clear sky
568,Laem Sing,TH,12.4816,102.0738,78.01,99,21,1.05,few clouds
569,Mumbwa,ZM,-14.9783,27.0619,59.92,78,63,4.59,broken clouds
570,Balta,UA,47.9355,29.6198,36.03,55,16,6.55,few clouds
571,Kavaratti,IN,10.5669,72.642,82.94,69,20,7.92,few clouds
572,Galveston,US,29.3669,-94.9669,84.99,65,20,12.66,few clouds
573,Antofagasta,CL,-23.65,-70.4,68.0,64,75,14.97,broken clouds
574,Bathsheba,BB,13.2167,-59.5167,84.2,54,20,12.66,few clouds
575,Prince Rupert,CA,54.3161,-130.3201,39.2,81,75,13.8,light snow
576,Harper,LR,4.375,-7.7169,79.61,86,12,5.61,light rain
577,Tutayev,RU,57.8853,39.5406,35.6,80,90,11.18,overcast clouds
578,Kormilovka,RU,55.0026,74.1028,35.6,80,0,15.66,clear sky
579,Iskateley,RU,67.6803,53.1512,37.76,94,98,24.43,overcast clouds
580,Oksfjord,NO,70.2396,22.3479,23.0,68,0,3.44,light snow
581,Evinayong,GQ,1.4368,10.5512,69.49,98,84,3.06,moderate rain
582,Buin,CL,-33.7333,-70.75,73.4,46,40,6.91,scattered clouds
583,Tautira,PF,-17.7333,-149.15,86.0,62,40,6.91,scattered clouds
584,Porto Velho,BR,-8.7619,-63.9039,89.6,58,40,4.61,scattered clouds
585,Issoudun,FR,47.0,1.8333,46.4,46,0,6.91,clear sky
586,Chernyshevskiy,RU,63.0128,112.4714,2.34,91,79,6.71,broken clouds
587,Chulym,RU,55.0997,80.9572,31.75,89,100,6.2,overcast clouds
588,Mabaruma,GY,8.2,-59.7833,81.27,75,86,5.95,overcast clouds
589,Necochea,AR,-38.5473,-58.7368,64.0,90,100,4.0,light rain
590,Dalvik,IS,65.9702,-18.5286,23.0,68,90,16.11,light snow
591,Mopipi,BW,-21.1833,24.8833,69.94,30,0,8.88,clear sky
592,Wanaka,NZ,-44.7,169.15,53.08,56,0,4.34,clear sky
593,Grand Gaube,MU,-20.0064,57.6608,80.01,70,100,8.01,overcast clouds
594,Brokopondo,SR,4.75,-55.1667,78.89,87,99,6.29,overcast clouds
595,Auburn,US,47.3073,-122.2284,55.0,43,40,4.61,scattered clouds
596,Taksimo,RU,56.3444,114.8794,28.31,92,100,2.91,light snow
597,George Town,MY,5.4112,100.3354,80.6,94,20,2.3,few clouds
598,Tucurui,BR,-3.7661,-49.6725,82.51,67,72,3.11,broken clouds
599,North Bend,US,43.4065,-124.2243,54.0,62,90,12.66,overcast clouds
600,Wilmington,US,34.2257,-77.9447,78.8,41,1,12.66,clear sky
601,Fort-Shevchenko,KZ,44.5086,50.263,62.49,39,0,17.58,clear sky
602,Correntina,BR,-13.3433,-44.6367,82.38,42,100,6.02,overcast clouds
603,Palu,ID,-0.8917,119.8707,74.86,93,95,2.59,overcast clouds
604,Inirida,CO,3.8653,-67.9239,78.06,84,100,2.73,overcast clouds
605,Miyoshi,JP,35.0833,137.0667,51.8,58,20,18.41,few clouds
606,Datong,CN,40.0936,113.2914,47.7,52,40,4.45,scattered clouds
607,Rio Grande,BR,-32.035,-52.0986,80.6,69,0,13.8,clear sky
608,Terrace,CA,54.5163,-128.6035,39.2,60,90,24.16,light snow
609,Kapit,MY,2.0167,112.9333,72.77,99,99,0.69,overcast clouds
610,Ust-Ilimsk,RU,58.0006,102.6619,25.38,98,88,3.6,overcast clouds
611,Darhan,MN,49.4867,105.9228,39.09,82,28,10.2,scattered clouds
612,Charters Towers,AU,-20.1,146.2667,71.15,87,96,1.12,overcast clouds
613,Maputo,MZ,-25.9653,32.5892,77.0,78,0,5.75,clear sky
614,Bakchar,RU,57.0186,82.0711,20.3,97,27,2.06,scattered clouds
615,Baruun-Urt,MN,46.6806,113.2792,39.29,29,55,6.67,broken clouds
616,Boda,CF,4.3189,17.4695,73.13,86,44,2.15,scattered clouds
617,Great Yarmouth,GB,52.6083,1.7305,50.0,62,100,12.66,overcast clouds
618,Angoche,MZ,-16.2325,39.9086,75.42,80,93,7.34,overcast clouds
619,Zaragoza,ES,41.6561,-0.8773,57.2,62,20,13.8,few clouds
620,Svatove,UA,49.4103,38.1503,41.14,50,100,6.38,overcast clouds
621,Carmelo,UY,-33.9892,-58.2856,77.0,73,0,8.05,clear sky
622,Toba,JP,34.4833,136.85,48.99,72,6,7.0,clear sky
623,Ponta Delgada,PT,37.7333,-25.6667,60.8,82,75,19.57,broken clouds
624,Teeswater,CA,43.9959,-81.2865,80.6,34,42,18.41,scattered clouds
625,Upata,VE,8.0086,-62.3989,91.18,34,69,6.42,broken clouds
626,Byron Bay,AU,-28.65,153.6167,62.6,94,16,4.61,few clouds
627,Rosarito,MX,32.3333,-117.0333,71.6,56,1,10.36,clear sky
628,Choa Saidan Shah,PK,32.7201,72.9849,64.4,29,33,5.64,scattered clouds
629,Adrar,MR,20.5022,-10.0711,82.85,13,0,10.76,clear sky
630,Galesong,ID,-5.3166,119.3661,71.6,100,20,12.66,few clouds
631,Russell,US,32.3502,-85.1999,81.0,50,75,11.5,broken clouds
632,Gornopravdinsk,RU,60.05,69.9,31.35,90,9,8.95,clear sky
633,Hasaki,JP,35.7333,140.8333,48.2,71,75,9.22,broken clouds
634,La Ronge,CA,55.1001,-105.2842,39.2,87,100,6.91,overcast clouds
635,Miles City,US,46.4083,-105.8406,68.0,17,1,10.63,clear sky
636,Achikulak,RU,44.5517,44.8378,53.42,73,93,4.74,overcast clouds
637,Khash,IR,28.2211,61.2158,62.89,14,12,2.1,few clouds
638,Solnechnyy,RU,50.7214,136.6319,23.4,86,100,7.99,overcast clouds
639,Saravan,AM,39.7196,45.6483,60.8,36,40,11.5,scattered clouds
640,Tyup,KG,42.7276,78.3648,35.47,87,84,3.44,broken clouds
641,Panzhihua,CN,26.5851,101.7128,55.0,76,20,0.51,few clouds
642,Iqaluit,CA,63.7506,-68.5145,33.8,69,90,5.75,light snow
643,Porosozero,RU,62.7191,32.727,28.45,82,83,9.31,broken clouds
644,Corum,TR,40.5,34.75,41.2,84,72,7.63,broken clouds
645,Shymkent,KZ,42.3,69.6,51.8,66,0,4.47,clear sky
646,Kroya,ID,-7.6331,109.2461,77.49,87,99,3.06,overcast clouds
647,Contamana,PE,-7.3333,-75.0167,89.89,51,99,3.94,overcast clouds
648,Santa Maria Del Oro,MX,25.9333,-105.3667,85.19,11,85,4.23,overcast clouds
649,Lewistown,US,40.5992,-77.5714,72.0,37,1,12.66,clear sky
650,Kirkuk,IQ,35.4681,44.3922,72.7,25,17,10.67,few clouds
651,Clyde River,CA,70.4692,-68.5914,12.2,92,90,34.52,snow
652,Leshukonskoye,RU,64.8989,45.7622,37.33,96,100,13.91,light rain
653,La Asuncion,VE,11.0333,-63.8628,73.4,88,58,21.85,broken clouds
654,Khatima,IN,28.9167,79.9667,71.58,15,0,6.33,clear sky
655,Kingaroy,AU,-26.5333,151.8333,62.6,100,90,2.59,overcast clouds
656,Tomsk,RU,58.5,82.5,31.64,95,100,3.49,overcast clouds
657,Tungor,RU,53.3808,142.9564,19.45,81,100,18.77,overcast clouds
658,Dongsheng,CN,39.8161,109.9776,41.41,85,86,7.67,overcast clouds
659,Natal,BR,-5.795,-35.2094,84.2,70,40,18.41,scattered clouds
660,Nome,US,64.5011,-165.4064,-2.2,50,1,11.5,clear sky
661,Ponnani,IN,10.767,75.9252,80.6,83,40,2.3,mist
662,Loreto,MX,22.2667,-101.9667,83.32,11,72,7.14,broken clouds
663,Inverell,AU,-29.7833,151.1167,54.0,73,0,2.35,clear sky
664,Saryozek,KZ,44.3583,77.9753,45.97,65,8,1.68,clear sky
665,Huayang,CN,34.4155,109.9939,38.68,68,100,6.71,overcast clouds
666,Vitim,RU,59.4511,112.5578,29.26,94,100,9.55,overcast clouds
667,Batemans Bay,AU,-35.7167,150.1833,62.01,96,100,1.01,light rain
668,Eirunepe,BR,-6.6603,-69.8736,81.66,88,100,2.15,overcast clouds
669,Bago,MM,17.3367,96.4797,78.8,94,20,3.44,few clouds
670,Wagar,SD,16.1525,36.2032,90.84,30,20,6.64,few clouds
671,Ulagan,RU,50.6321,87.9563,30.45,92,95,2.55,overcast clouds
672,Pirojpur,BD,22.5667,89.9833,73.78,92,0,6.71,clear sky
673,Athabasca,CA,54.7169,-113.2854,37.4,52,44,14.97,scattered clouds
674,Srandakan,ID,-7.9386,110.2506,76.21,89,100,5.79,overcast clouds
675,Suntar,RU,62.1444,117.6319,15.94,93,99,7.07,overcast clouds
676,Waingapu,ID,-9.6567,120.2641,77.32,82,99,4.5,overcast clouds
677,Bulaevo,KZ,54.9056,70.4439,32.61,99,100,0.54,overcast clouds
678,Senador Jose Porfirio,BR,-2.5908,-51.9542,81.23,74,97,2.86,overcast clouds
679,Perelyub,RU,51.8667,50.3667,42.89,82,100,6.17,light rain
680,Nuuk,GL,64.1835,-51.7216,35.6,69,90,42.57,overcast clouds
681,Urucui,BR,-7.2294,-44.5561,83.23,56,73,5.39,broken clouds
682,San Andres,CO,12.5847,-81.7006,86.0,70,75,10.36,broken clouds
683,Hun,LY,29.1268,15.9477,64.89,41,2,17.11,clear sky
684,Jvari,GE,42.7169,42.052,53.6,87,75,6.91,light rain
685,Colares,PT,38.7992,-9.4469,63.0,82,40,5.75,scattered clouds
686,Derzhavinsk,KZ,51.1,66.3167,33.71,89,76,7.14,broken clouds
687,Illapel,CL,-31.6308,-71.1653,70.3,46,0,6.93,clear sky
688,Samana,DO,19.2056,-69.3369,75.2,88,75,6.91,broken clouds
689,Aberdeen,GB,57.1437,-2.0981,41.0,56,27,14.97,scattered clouds
690,Uturoa,PF,-16.7333,-151.4333,81.52,73,32,10.27,scattered clouds
691,Steamboat Springs,US,40.485,-106.8317,57.99,21,40,21.85,scattered clouds
692,Banjar,ID,-8.19,114.9675,78.8,89,20,4.61,few clouds
693,Hualmay,PE,-11.0964,-77.6139,72.63,79,68,7.7,broken clouds
694,Kultuk,RU,51.7208,103.6956,34.27,98,100,2.17,light snow
695,Torquay,GB,50.4638,-3.5143,43.0,1,100,8.21,overcast clouds
696,Tongzi,CN,28.7829,105.0877,63.64,72,100,1.68,light rain
697,Birmitrapur,IN,22.4,84.7667,74.35,80,6,2.26,clear sky
698,Dwarka,IN,22.2394,68.9678,79.86,71,0,8.99,clear sky
699,Atascadero,US,35.4894,-120.6707,70.0,33,48,1.01,scattered clouds
700,Mitsamiouli,KM,-11.3847,43.2844,82.02,75,10,5.1,light rain
